gbifID,datasetKey,occurrenceID,kingdom,phylum,class,order,family,genus,species,taxonRank,scientificName,verbatimScientificName,countryCode,stateProvince,occurrenceStatus,publishingOrgKey,decimalLatitude,decimalLongitude,coordinateUncertaintyInMeters,eventDate,day,month,year,taxonKey,speciesKey,basisOfRecord,institutionCode,collectionCode,catalogNumber,identifiedBy,dateIdentified,license,rightsHolder,recordedBy,lastInterpreted,mediaType,issue,event_year,event_month,event_day,event_day_of_week,event_season,kingdom_grouped
891737661,50c9509d-22c7-4a22-a47d-8c48425ef4a7,http://www.inaturalist.org/observations/392232,Animalia,Chordata,Mammalia,Hyracoidea,Procaviidae,Procavia,Procavia capensis,SUBSPECIES,Procavia capensis capensis,Procavia capensis capensis,ZA,Western Cape,PRESENT,28eb1a3f-1c15-4a95-931a-4af90ecb574d,-34.195728,18.450291,13.0,2013-09-03 10:19:45,3,9,2013,7059530,5219598.0,HUMAN_OBSERVATION,iNaturalist,Observations,392232,Tony Rebelo,2017-10-19T23:40:17,CC_BY_NC_4_0,John Francis,John Francis,2023-09-21T13:29:51.418Z,StillImage,CONTINENT_DERIVED_FROM_COORDINATES;TAXON_MATCH_TAXON_ID_IGNORED,2013,9,3,Tuesday,Fall,Animalia
899947055,50c9509d-22c7-4a22-a47d-8c48425ef4a7,http://www.inaturalist.org/observations/566266,Animalia,Cnidaria,Anthozoa,Scleractinia,Plerogyridae,Plerogyra,Plerogyra sinuosa,SPECIES,"Plerogyra sinuosa (Dana, 1846)",Plerogyra sinuosa,PW,Koror,PRESENT,28eb1a3f-1c15-4a95-931a-4af90ecb574d,7.232672,134.414699,31324.0,2014-02-27 14:22:59,27,2,2014,2259273,2259273.0,HUMAN_OBSERVATION,iNaturalist,Observations,566266,Mark Rosenstein,2016-08-09T08:38:55,CC_BY_4_0,Mark Rosenstein,Mark Rosenstein,2023-09-21T13:29:58.235Z,StillImage,COORDINATE_ROUNDED;CONTINENT_DERIVED_FROM_COORDINATES;TAXON_MATCH_TAXON_ID_IGNORED,2014,2,27,Thursday,Winter,Animalia
1024190347,50c9509d-22c7-4a22-a47d-8c48425ef4a7,http://www.inaturalist.org/observations/784705,Animalia,Arthropoda,Insecta,Lepidoptera,Nymphalidae,Cercyonis,Cercyonis pegala,SPECIES,"Cercyonis pegala Fabricius, 1775",Cercyonis pegala,US,Vermont,PRESENT,28eb1a3f-1c15-4a95-931a-4af90ecb574d,43.635704,-73.390377,,2014-07-14 00:00:00,14,7,2014,1915492,1915492.0,HUMAN_OBSERVATION,iNaturalist,Observations,784705,roy pilcher,2014-07-15T00:14:13,CC_BY_NC_4_0,roy pilcher,roy pilcher,2023-09-21T13:30:03.089Z,StillImage,CONTINENT_DERIVED_FROM_COORDINATES;TAXON_MATCH_TAXON_ID_IGNORED,2014,7,14,Monday,Summer,Animalia
1038323527,50c9509d-22c7-4a22-a47d-8c48425ef4a7,http://naturewatch.org.nz/observations/401691,Animalia,Arthropoda,Insecta,Lepidoptera,Nymphalidae,Vanessa,Vanessa itea,SPECIES,"Vanessa itea (Fabricius, 1775)",Vanessa itea,NZ,Wellington,PRESENT,28eb1a3f-1c15-4a95-931a-4af90ecb574d,-41.281455,174.765752,,2014-04-28 00:00:00,28,4,2014,5806175,5806175.0,HUMAN_OBSERVATION,iNaturalist,Observations,998573,Melissa Hutchison,2014-05-03T08:32:55,CC_BY_NC_4_0,Melissa Hutchison,Melissa Hutchison,2023-09-21T13:30:07.652Z,,COORDINATE_ROUNDED;CONTINENT_DERIVED_FROM_COORDINATES;TAXON_MATCH_TAXON_ID_IGNORED,2014,4,28,Monday,Spring,Animalia
1065596588,50c9509d-22c7-4a22-a47d-8c48425ef4a7,http://www.inaturalist.org/observations/1191781,Animalia,Chordata,Aves,Passeriformes,Passerellidae,Melospiza,Melospiza melodia,SPECIES,"Melospiza melodia (A.Wilson, 1810)",Melospiza melodia,US,Vermont,PRESENT,28eb1a3f-1c15-4a95-931a-4af90ecb574d,43.545323,-72.98282,48.0,2015-01-24 00:00:00,24,1,2015,2492196,2492196.0,HUMAN_OBSERVATION,iNaturalist,Observations,1191781,roy pilcher,2015-01-24T19:29:13,CC_BY_NC_4_0,roy pilcher,roy pilcher,2023-09-21T13:30:12.151Z,StillImage;StillImage,CONTINENT_DERIVED_FROM_COORDINATES;TAXON_MATCH_TAXON_ID_IGNORED,2015,1,24,Saturday,Winter,Animalia
1836675534,50c9509d-22c7-4a22-a47d-8c48425ef4a7,http://www.inaturalist.org/observations/1427914,Animalia,Chordata,Aves,Suliformes,Phalacrocoracidae,Leucocarbo,Leucocarbo bougainvillii,SPECIES,"Leucocarbo bougainvillii (Lesson, 1837)",Leucocarbo bougainvillii,PE,Lambayeque,PRESENT,28eb1a3f-1c15-4a95-931a-4af90ecb574d,-6.919366,-79.917599,31337.0,2015-04-26 00:00:00,26,4,2015,6066498,6066498.0,HUMAN_OBSERVATION,iNaturalist,Observations,1427914,Ernesto Málaga-Arenas,2022-04-18T23:45:19,CC_BY_4_0,Ernesto Málaga-Arenas,Ernesto Málaga-Arenas,2023-09-21T13:30:16.484Z,,COORDINATE_ROUNDED;CONTINENT_DERIVED_FROM_COORDINATES;TAXON_MATCH_TAXON_ID_IGNORED,2015,4,26,Sunday,Spring,Animalia
1098914398,50c9509d-22c7-4a22-a47d-8c48425ef4a7,http://www.inaturalist.org/observations/1643572,Animalia,Chordata,Mammalia,Rodentia,Geomyidae,Thomomys,Thomomys bottae,SPECIES,"Thomomys bottae (Eydoux & Gervais, 1836)",Thomomys bottae,US,California,PRESENT,28eb1a3f-1c15-4a95-931a-4af90ecb574d,35.27314,-120.888733,16.0,2014-11-11 00:00:00,11,11,2014,2439385,2439385.0,HUMAN_OBSERVATION,iNaturalist,Observations,1643572,R.J. Adams,2015-06-18T04:56:18,CC_BY_NC_4_0,R.J. Adams,R.J. Adams,2023-09-21T13:30:22.286Z,,CONTINENT_DERIVED_FROM_COORDINATES;TAXON_MATCH_TAXON_ID_IGNORED,2014,11,11,Tuesday,Fall,Animalia
1227719485,50c9509d-22c7-4a22-a47d-8c48425ef4a7,http://www.inaturalist.org/observations/1848872,Animalia,Arthropoda,Insecta,Lepidoptera,Sphingidae,Paonias,Paonias excaecata,SPECIES,"Paonias excaecata Smith, 1797",Paonias excaecata,CA,Ontario,PRESENT,28eb1a3f-1c15-4a95-931a-4af90ecb574d,45.198971,-79.773397,27222.0,2015-08-08 00:00:00,8,8,2015,4301348,4301348.0,HUMAN_OBSERVATION,iNaturalist,Observations,1848872,Charmi Z.,2015-08-10T01:10:22,CC_BY_NC_4_0,Charmi Z.,Charmi Z.,2023-09-21T13:30:28.339Z,StillImage,COORDINATE_ROUNDED;CONTINENT_DERIVED_FROM_COORDINATES;TAXON_MATCH_TAXON_ID_IGNORED,2015,8,8,Saturday,Summer,Animalia
1143562846,50c9509d-22c7-4a22-a47d-8c48425ef4a7,http://www.inaturalist.org/observations/2075770,Plantae,Tracheophyta,Magnoliopsida,Asterales,Asteraceae,Hypochaeris,Hypochaeris radicata,SPECIES,Hypochaeris radicata L.,Hypochaeris radicata,US,California,PRESENT,28eb1a3f-1c15-4a95-931a-4af90ecb574d,37.579864,-122.469367,5.0,2015-09-26 10:15:31,26,9,2015,3093702,3093702.0,HUMAN_OBSERVATION,iNaturalist,Observations,2075770,Toni Corelli,2015-10-07T16:57:45,CC_BY_NC_4_0,jscherer,jscherer,2023-09-21T13:30:34.655Z,StillImage;StillImage;StillImage;StillImage;StillImage,CONTINENT_DERIVED_FROM_COORDINATES;TAXON_MATCH_TAXON_ID_IGNORED,2015,9,26,Saturday,Fall,Plantae
1227740258,50c9509d-22c7-4a22-a47d-8c48425ef4a7,http://www.inaturalist.org/observations/2447100,Animalia,Chordata,Aves,Passeriformes,Sturnidae,Sturnus,Sturnus vulgaris,SPECIES,"Sturnus vulgaris Linnaeus, 1758",Sturnus vulgaris,US,Ohio,PRESENT,28eb1a3f-1c15-4a95-931a-4af90ecb574d,41.758358,-81.276755,187.0,2015-11-25 13:58:24,25,11,2015,9809229,9809229.0,HUMAN_OBSERVATION,iNaturalist,Observations,2447100,Matthew Salkiewicz,2015-12-03T06:25:09,CC_BY_NC_4_0,Matthew Salkiewicz,Matthew Salkiewicz,2023-09-21T13:30:40.187Z,StillImage,CONTINENT_DERIVED_FROM_COORDINATES;TAXON_MATCH_TAXON_ID_IGNORED,2015,11,25,Wednesday,Fall,Animalia
1249293002,50c9509d-22c7-4a22-a47d-8c48425ef4a7,http://inaturalist.ca/observations/2671435,Animalia,Chordata,Aves,Passeriformes,Fringillidae,Spinus,Spinus pinus,SPECIES,"Spinus pinus (A.Wilson, 1810)",Spinus pinus,CA,British Columbia,PRESENT,28eb1a3f-1c15-4a95-931a-4af90ecb574d,49.185729,-123.976081,,2016-02-11 13:12:47,11,2,2016,5231635,5231635.0,HUMAN_OBSERVATION,iNaturalist,Observations,2671435,Warren Cronan,2016-02-12T02:01:53,CC_BY_NC_4_0,Warren Cronan,Warren Cronan,2023-09-21T13:30:45.629Z,StillImage,CONTINENT_DERIVED_FROM_COORDINATES;TAXON_MATCH_TAXON_ID_IGNORED,2016,2,11,Thursday,Winter,Animalia
1265549485,50c9509d-22c7-4a22-a47d-8c48425ef4a7,http://www.inaturalist.org/observations/2855413,Animalia,Arthropoda,Insecta,Orthoptera,Romaleidae,Dracotettix,Dracotettix monstrosus,SPECIES,"Dracotettix monstrosus Bruner, 1889",Dracotettix monstrosus,US,California,PRESENT,28eb1a3f-1c15-4a95-931a-4af90ecb574d,37.908183,-121.952012,,2016-03-30 13:33:58,30,3,2016,1714494,1714494.0,HUMAN_OBSERVATION,iNaturalist,Observations,2855413,Alice Abela,2016-04-04T03:50:33,CC_BY_NC_4_0,Donna Pomeroy,Donna Pomeroy,2023-09-21T13:30:52.309Z,StillImage,COORDINATE_ROUNDED;CONTINENT_DERIVED_FROM_COORDINATES;TAXON_MATCH_TAXON_ID_IGNORED,2016,3,30,Wednesday,Spring,Animalia
2350354874,50c9509d-22c7-4a22-a47d-8c48425ef4a7,http://www.inaturalist.org/observations/3054943,Animalia,Mollusca,Gastropoda,Trochida,Trochidae,Phorcus,Phorcus turbinatus,SPECIES,"Phorcus turbinatus (Born, 1778)",Phorcus turbinatus,IT,Sardegna,PRESENT,28eb1a3f-1c15-4a95-931a-4af90ecb574d,41.152955,9.427797,,2009-04-17 09:00:24,17,4,2009,7871052,7871052.0,HUMAN_OBSERVATION,iNaturalist,Observations,3054943,Drepanostoma,2019-08-17T03:28:02,CC_BY_NC_4_0,Drepanostoma,Drepanostoma,2023-09-21T13:30:57.817Z,StillImage;StillImage,COORDINATE_ROUNDED;CONTINENT_DERIVED_FROM_COORDINATES;TAXON_MATCH_TAXON_ID_IGNORED,2009,4,17,Friday,Spring,Animalia
1270047013,50c9509d-22c7-4a22-a47d-8c48425ef4a7,http://www.inaturalist.org/observations/3287611,Plantae,Tracheophyta,Magnoliopsida,Lamiales,Bignoniaceae,Bignonia,Bignonia capreolata,SPECIES,Bignonia capreolata L.,Bignonia capreolata,US,South Carolina,PRESENT,28eb1a3f-1c15-4a95-931a-4af90ecb574d,33.815539,-80.828002,10.0,2016-05-21 10:37:42,21,5,2016,3172516,3172516.0,HUMAN_OBSERVATION,iNaturalist,Observations,3287611,Keith Bradley,2016-05-28T14:59:09,CC_BY_NC_4_0,life59,life59,2023-09-21T13:31:04.013Z,StillImage,COORDINATE_ROUNDED;CONTINENT_DERIVED_FROM_COORDINATES;TAXON_MATCH_TAXON_ID_IGNORED,2016,5,21,Saturday,Spring,Plantae
1291083844,50c9509d-22c7-4a22-a47d-8c48425ef4a7,http://www.inaturalist.org/observations/3506121,Animalia,Chordata,Mammalia,Rodentia,Geomyidae,Thomomys,Thomomys bottae,SPECIES,"Thomomys bottae (Eydoux & Gervais, 1836)",Thomomys bottae,US,California,PRESENT,28eb1a3f-1c15-4a95-931a-4af90ecb574d,34.576002,-119.959985,211.0,2007-06-16 00:00:00,16,6,2007,2439385,2439385.0,HUMAN_OBSERVATION,iNaturalist,Observations,3506121,Alyssa Semerdjian,2016-07-01T09:41:57,CC_BY_NC_4_0,terrydad2,terrydad2,2023-09-21T13:31:10.098Z,StillImage;StillImage;StillImage,CONTINENT_DERIVED_FROM_COORDINATES;TAXON_MATCH_TAXON_ID_IGNORED,2007,6,16,Saturday,Summer,Animalia
1291144130,50c9509d-22c7-4a22-a47d-8c48425ef4a7,http://www.inaturalist.org/observations/3737378,Animalia,Arthropoda,Insecta,Lepidoptera,Lasiocampidae,Malacosoma,Malacosoma americana,SPECIES,"Malacosoma americana (Fabricius, 1793)",Malacosoma americana,US,Maine,PRESENT,28eb1a3f-1c15-4a95-931a-4af90ecb574d,44.381303,-68.065133,,2016-07-23 23:11:00,23,7,2016,5715280,5715280.0,HUMAN_OBSERVATION,iNaturalist,Observations,3737378,Michael Marion,2018-10-26T19:19:29,CC_BY_NC_4_0,Michael Marion,Michael Marion,2023-09-21T13:31:15.799Z,StillImage;StillImage,COORDINATE_ROUNDED;CONTINENT_DERIVED_FROM_COORDINATES;TAXON_MATCH_TAXON_ID_IGNORED,2016,7,23,Saturday,Summer,Animalia
1305156725,50c9509d-22c7-4a22-a47d-8c48425ef4a7,http://www.inaturalist.org/observations/3945700,Animalia,Arthropoda,Insecta,Coleoptera,Lucanidae,Lucanus,Lucanus cervus,SPECIES,"Lucanus cervus (Linnaeus, 1758)",Lucanus cervus,IT,Trentino-Alto Adige,PRESENT,28eb1a3f-1c15-4a95-931a-4af90ecb574d,46.181851,11.266651,122.0,2016-08-16 11:09:00,16,8,2016,5743122,5743122.0,HUMAN_OBSERVATION,iNaturalist,Observations,3945700,borisb,2016-08-23T10:34:08,CC_BY_NC_4_0,fabrizio_petrassi,fabrizio_petrassi,2023-09-21T13:31:22.731Z,StillImage,COORDINATE_ROUNDED;CONTINENT_DERIVED_FROM_COORDINATES;TAXON_MATCH_TAXON_ID_IGNORED,2016,8,16,Tuesday,Summer,Animalia
1315080424,50c9509d-22c7-4a22-a47d-8c48425ef4a7,http://www.inaturalist.org/observations/4150969,Animalia,Mollusca,Bivalvia,Cardiida,Solecurtidae,Tagelus,Tagelus californianus,SPECIES,"Tagelus californianus (Conrad, 1837)",Tagelus californianus,US,California,PRESENT,28eb1a3f-1c15-4a95-931a-4af90ecb574d,34.38822,-119.517158,8.0,2016-09-18 03:04:00,18,9,2016,2287052,2287052.0,HUMAN_OBSERVATION,iNaturalist,Observations,4150969,Susan J. Hewitt,2016-09-20T15:16:20,CC_BY_NC_4_0,Tim Quinn,Tim Quinn,2023-09-21T13:31:29.036Z,StillImage,COORDINATE_ROUNDED;CONTINENT_DERIVED_FROM_COORDINATES;TAXON_MATCH_TAXON_ID_IGNORED,2016,9,18,Sunday,Fall,Animalia
1453148149,50c9509d-22c7-4a22-a47d-8c48425ef4a7,http://www.inaturalist.org/observations/4375104,Animalia,Chordata,Amphibia,Anura,Hylidae,Dryophytes,Dryophytes squirellus,SPECIES,"Hyla squirella Daudin, 1800",Hyla squirella,US,Texas,PRESENT,28eb1a3f-1c15-4a95-931a-4af90ecb574d,30.458315,-94.387338,23.0,2016-10-14 20:38:00,14,10,2016,2427567,10843277.0,HUMAN_OBSERVATION,iNaturalist,Observations,4375104,Eric N. Rittmeyer,2016-10-17T03:15:07,CC_BY_4_0,Annika Lindqvist,Annika Lindqvist,2023-09-21T13:31:33.788Z,StillImage;StillImage,CONTINENT_DERIVED_FROM_COORDINATES;TAXON_MATCH_TAXON_ID_IGNORED,2016,10,14,Friday,Fall,Animalia
1453236631,50c9509d-22c7-4a22-a47d-8c48425ef4a7,http://www.inaturalist.org/observations/4620480,Animalia,Arthropoda,Insecta,Lepidoptera,Notodontidae,Neola,Neola semiaurata,SPECIES,"Neola semiaurata Walker, 1855",Neola semiaurata,AU,New South Wales,PRESENT,28eb1a3f-1c15-4a95-931a-4af90ecb574d,-31.93191,152.413895,4.0,2016-11-22 00:00:00,22,11,2016,1824280,1824280.0,HUMAN_OBSERVATION,iNaturalist,Observations,4620480,Victor W Fazio III,2016-11-23T08:46:07,CC_BY_NC_4_0,Victor W Fazio III,Victor W Fazio III,2023-09-21T13:31:40.219Z,StillImage,COORDINATE_ROUNDED;CONTINENT_DERIVED_FROM_COORDINATES;TAXON_MATCH_TAXON_ID_IGNORED,2016,11,22,Tuesday,Fall,Animalia
1453316452,50c9509d-22c7-4a22-a47d-8c48425ef4a7,https://www.inaturalist.org/observations/4863409,Plantae,Tracheophyta,Magnoliopsida,Asterales,Asteraceae,Solidago,Solidago caesia,SPECIES,Solidago caesia L.,Solidago caesia,US,New York,PRESENT,28eb1a3f-1c15-4a95-931a-4af90ecb574d,42.825897,-78.629166,,2016-09-24 16:20:20,24,9,2016,5389076,5389076.0,HUMAN_OBSERVATION,iNaturalist,Observations,4863409,cprosenb,2016-12-29T20:06:15,CC_BY_NC_4_0,cprosenb,cprosenb,2023-09-21T13:31:47.187Z,StillImage,COORDINATE_ROUNDED;CONTINENT_DERIVED_FROM_COORDINATES;TAXON_MATCH_TAXON_ID_IGNORED,2016,9,24,Saturday,Fall,Plantae
1978470791,50c9509d-22c7-4a22-a47d-8c48425ef4a7,https://www.inaturalist.org/observations/5037630,Animalia,Arthropoda,Insecta,Lepidoptera,Sphingidae,Ceratomia,Ceratomia undulosa,SPECIES,"Ceratomia undulosa Walker, 1856",Ceratomia undulosa,CA,Ontario,PRESENT,28eb1a3f-1c15-4a95-931a-4af90ecb574d,43.706364,-79.345043,50.0,2014-07-18 17:05:00,18,7,2014,1861887,1861887.0,HUMAN_OBSERVATION,iNaturalist,Observations,5037630,kens18,2017-02-01T14:48:35,CC_BY_NC_4_0,kens18,kens18,2023-09-21T13:31:53.830Z,StillImage,COORDINATE_ROUNDED;CONTINENT_DERIVED_FROM_COORDINATES;TAXON_MATCH_TAXON_ID_IGNORED,2014,7,18,Friday,Summer,Animalia
1453471594,50c9509d-22c7-4a22-a47d-8c48425ef4a7,https://www.inaturalist.org/observations/5211870,Plantae,Tracheophyta,Magnoliopsida,Brassicales,Brassicaceae,Cardamine,Cardamine hirsuta,SPECIES,Cardamine hirsuta L.,Cardamine hirsuta,DE,Baden-Württemberg,PRESENT,28eb1a3f-1c15-4a95-931a-4af90ecb574d,49.323142,8.540819,86.0,2017-03-02 15:22:33,2,3,2017,3046258,3046258.0,HUMAN_OBSERVATION,iNaturalist,Observations,5211870,Andreas Rockstein,2017-03-02T19:10:12,CC0_1_0,Andreas Rockstein,Andreas Rockstein,2023-09-21T13:31:59.488Z,StillImage;StillImage,CONTINENT_DERIVED_FROM_COORDINATES;TAXON_MATCH_TAXON_ID_IGNORED,2017,3,2,Thursday,Spring,Plantae
1455575043,50c9509d-22c7-4a22-a47d-8c48425ef4a7,https://www.inaturalist.org/observations/5450578,Plantae,Tracheophyta,Magnoliopsida,Fabales,Fabaceae,Calliandra,Calliandra eriophylla,SPECIES,Calliandra eriophylla Benth.,Calliandra eriophylla,US,Arizona,PRESENT,28eb1a3f-1c15-4a95-931a-4af90ecb574d,32.287105,-111.123497,,2017-03-24 16:26:14,24,3,2017,2982181,2982181.0,HUMAN_OBSERVATION,iNaturalist,Observations,5450578,CK Kelly,2017-03-25T06:57:21,CC_BY_4_0,CK Kelly,CK Kelly,2023-09-21T13:32:04.698Z,StillImage,COORDINATE_ROUNDED;CONTINENT_DERIVED_FROM_COORDINATES;TAXON_MATCH_TAXON_ID_IGNORED,2017,3,24,Friday,Spring,Plantae
2597861704,50c9509d-22c7-4a22-a47d-8c48425ef4a7,https://www.inaturalist.org/observations/5654617,Plantae,Tracheophyta,Magnoliopsida,Apiales,Araliaceae,Hydrocotyle,Hydrocotyle ranunculoides,SPECIES,Hydrocotyle ranunculoides L.fil.,Hydrocotyle ranunculoides,US,Delaware,PRESENT,28eb1a3f-1c15-4a95-931a-4af90ecb574d,39.787128,-75.615494,,2017-04-11 16:01:00,11,4,2017,7978544,7978544.0,HUMAN_OBSERVATION,iNaturalist,Observations,5654617,Kevin Faccenda,2020-04-04T04:48:10,CC_BY_NC_4_0,octobertraveler,octobertraveler,2023-09-21T13:32:11.576Z,StillImage,COORDINATE_ROUNDED;CONTINENT_DERIVED_FROM_COORDINATES;TAXON_MATCH_TAXON_ID_IGNORED,2017,4,11,Tuesday,Spring,Plantae
1500293428,50c9509d-22c7-4a22-a47d-8c48425ef4a7,https://www.inaturalist.org/observations/5894413,Plantae,Tracheophyta,Magnoliopsida,Oxalidales,Oxalidaceae,Oxalis,Oxalis incarnata,SPECIES,Oxalis incarnata L.,Oxalis incarnata,US,California,PRESENT,28eb1a3f-1c15-4a95-931a-4af90ecb574d,37.718638,-122.49959,16.0,2017-04-21 11:22:59,21,4,2017,2891720,2891720.0,HUMAN_OBSERVATION,iNaturalist,Observations,5894413,Michael Chassé,2017-04-22T21:47:40,CC_BY_NC_4_0,rhole,rhole,2023-09-21T13:32:17.534Z,StillImage;StillImage,COORDINATE_ROUNDED;CONTINENT_DERIVED_FROM_COORDINATES;TAXON_MATCH_TAXON_ID_IGNORED,2017,4,21,Friday,Spring,Plantae
1562905869,50c9509d-22c7-4a22-a47d-8c48425ef4a7,https://www.inaturalist.org/observations/6126216,Animalia,Arthropoda,Insecta,Coleoptera,Chrysomelidae,Diabrotica,Diabrotica undecimpunctata,SPECIES,"Diabrotica undecimpunctata Mannerheim, 1843",Diabrotica undecimpunctata,US,Texas,PRESENT,28eb1a3f-1c15-4a95-931a-4af90ecb574d,32.311035,-97.010089,977.0,2017-05-07 09:49:00,7,5,2017,1048501,1048501.0,HUMAN_OBSERVATION,iNaturalist,Observations,6126216,Carolyn Gritzmaker,2017-05-07T15:56:10,CC_BY_NC_4_0,Carolyn Gritzmaker,Carolyn Gritzmaker,2023-09-21T13:32:24.181Z,StillImage,COORDINATE_ROUNDED;CONTINENT_DERIVED_FROM_COORDINATES;TAXON_MATCH_TAXON_ID_IGNORED,2017,5,7,Sunday,Spring,Animalia
1562970792,50c9509d-22c7-4a22-a47d-8c48425ef4a7,https://www.inaturalist.org/observations/6318727,Animalia,Arthropoda,Insecta,Blattodea,Blattidae,Blatta,Blatta orientalis,SPECIES,"Blatta orientalis Linnaeus, 1758",Blatta orientalis,US,California,PRESENT,28eb1a3f-1c15-4a95-931a-4af90ecb574d,33.2355,-117.2807,,2017-05-22 08:30:00,22,5,2017,5151589,5151589.0,HUMAN_OBSERVATION,iNaturalist,Observations,6318727,Jordan Landerman,2017-05-23T13:48:05,CC_BY_NC_4_0,sacfoothilloak,sacfoothilloak,2023-09-21T13:32:30.198Z,StillImage;StillImage,CONTINENT_DERIVED_FROM_COORDINATES;TAXON_MATCH_TAXON_ID_IGNORED,2017,5,22,Monday,Spring,Animalia
1571103053,50c9509d-22c7-4a22-a47d-8c48425ef4a7,https://www.inaturalist.org/observations/6533737,Plantae,Tracheophyta,Magnoliopsida,Lamiales,Lamiaceae,Glechoma,Glechoma hederacea,SPECIES,Glechoma hederacea L.,Glechoma hederacea,US,New York,PRESENT,28eb1a3f-1c15-4a95-931a-4af90ecb574d,42.457633,-76.317946,5.0,2017-06-07 07:21:01,7,6,2017,2926557,2926557.0,HUMAN_OBSERVATION,iNaturalist,Observations,6533737,tminatbe,2017-06-07T21:43:32,CC0_1_0,Cullen Hanks,Cullen Hanks,2023-09-21T13:32:35.799Z,StillImage;StillImage,COORDINATE_ROUNDED;CONTINENT_DERIVED_FROM_COORDINATES;TAXON_MATCH_TAXON_ID_IGNORED,2017,6,7,Wednesday,Summer,Plantae
1571165409,50c9509d-22c7-4a22-a47d-8c48425ef4a7,https://www.inaturalist.org/observations/6741006,Plantae,Tracheophyta,Magnoliopsida,Myrtales,Onagraceae,Oenothera,Oenothera speciosa,SPECIES,Oenothera speciosa Nutt.,Oenothera speciosa,US,Texas,PRESENT,28eb1a3f-1c15-4a95-931a-4af90ecb574d,29.897245,-95.910837,,2017-06-20 08:38:09,20,6,2017,3188859,3188859.0,HUMAN_OBSERVATION,iNaturalist,Observations,6741006,Julie Pearce,2017-06-21T11:44:34,CC_BY_NC_4_0,Julie Pearce,Julie Pearce,2023-09-21T13:32:41.899Z,StillImage,COORDINATE_ROUNDED;CONTINENT_DERIVED_FROM_COORDINATES;TAXON_MATCH_TAXON_ID_IGNORED,2017,6,20,Tuesday,Summer,Plantae
3985655308,50c9509d-22c7-4a22-a47d-8c48425ef4a7,https://www.inaturalist.org/observations/6933517,Plantae,Tracheophyta,Magnoliopsida,Fabales,Fabaceae,Hylodesmum,Hylodesmum nudiflorum,SPECIES,Hylodesmum nudiflorum (L.) H.Ohashi & R.R.Mill,Hylodesmum nudiflorum,US,Tennessee,PRESENT,28eb1a3f-1c15-4a95-931a-4af90ecb574d,35.299083,-85.187967,,2017-07-02 15:07:00,2,7,2017,3913199,3913199.0,HUMAN_OBSERVATION,iNaturalist,Observations,6933517,rachelherrmann,2017-07-05T19:55:06,CC_BY_NC_4_0,rachelherrmann,rachelherrmann,2023-09-21T13:32:47.598Z,StillImage,COORDINATE_ROUNDED;CONTINENT_DERIVED_FROM_COORDINATES;TAXON_MATCH_TAXON_ID_IGNORED,2017,7,2,Sunday,Summer,Plantae
1584406669,50c9509d-22c7-4a22-a47d-8c48425ef4a7,https://www.inaturalist.org/observations/7124983,Animalia,Arthropoda,Insecta,Lepidoptera,Geometridae,Idaea,Idaea dimidiata,SPECIES,"Idaea dimidiata (Hufnagel, 1767)",Idaea dimidiata,US,New York,PRESENT,28eb1a3f-1c15-4a95-931a-4af90ecb574d,42.478839,-76.450725,103.0,2017-07-19 13:09:00,19,7,2017,5146677,5146677.0,HUMAN_OBSERVATION,iNaturalist,Observations,7124983,Brad Walker,2017-07-20T01:38:17,CC_BY_NC_4_0,Brad Walker,Brad Walker,2023-09-21T13:32:54.421Z,StillImage,COORDINATE_ROUNDED;CONTINENT_DERIVED_FROM_COORDINATES;TAXON_MATCH_TAXON_ID_IGNORED,2017,7,19,Wednesday,Summer,Animalia
1586123490,50c9509d-22c7-4a22-a47d-8c48425ef4a7,https://www.inaturalist.org/observations/7318465,Animalia,Arthropoda,Insecta,Lepidoptera,Crambidae,Ostrinia,Ostrinia nubilalis,SPECIES,"Ostrinia nubilalis Hübner, 1796",Ostrinia nubilalis,CA,Ontario,PRESENT,28eb1a3f-1c15-4a95-931a-4af90ecb574d,44.141577,-76.388336,2.0,2017-07-19 08:43:00,19,7,2017,8223165,8223165.0,HUMAN_OBSERVATION,iNaturalist,Observations,7318465,Mark D. Read,2017-08-02T13:15:19,CC_BY_NC_4_0,Mark D. Read,Mark D. Read,2023-09-21T13:33:00.339Z,StillImage,COORDINATE_ROUNDED;CONTINENT_DERIVED_FROM_COORDINATES;TAXON_MATCH_TAXON_ID_IGNORED,2017,7,19,Wednesday,Summer,Animalia
1586955000,50c9509d-22c7-4a22-a47d-8c48425ef4a7,https://www.inaturalist.org/observations/7539749,Animalia,Chordata,Aves,Accipitriformes,Pandionidae,Pandion,Pandion haliaetus,SPECIES,"Pandion haliaetus (Linnaeus, 1758)",Pandion haliaetus,US,Idaho,PRESENT,28eb1a3f-1c15-4a95-931a-4af90ecb574d,44.260937,-114.809875,5000.0,2017-08-11 06:34:00,11,8,2017,2480726,2480726.0,HUMAN_OBSERVATION,iNaturalist,Observations,7539749,G. Handa,2017-08-18T04:42:12,CC_BY_NC_4_0,G. Handa,G. Handa,2023-09-21T13:33:06.677Z,StillImage,COORDINATE_ROUNDED;CONTINENT_DERIVED_FROM_COORDINATES;TAXON_MATCH_TAXON_ID_IGNORED,2017,8,11,Friday,Summer,Animalia
1640087695,50c9509d-22c7-4a22-a47d-8c48425ef4a7,https://www.inaturalist.org/observations/7761274,Animalia,Chordata,Amphibia,Anura,Hylidae,Dryophytes,Dryophytes versicolor,SPECIES,"Hyla versicolor LeConte, 1825",Hyla versicolor,US,Vermont,PRESENT,28eb1a3f-1c15-4a95-931a-4af90ecb574d,44.390234,-72.759541,183.0,2017-09-01 18:03:00,1,9,2017,2427583,10806364.0,HUMAN_OBSERVATION,iNaturalist,Observations,7761274,Brian Aust,2017-09-03T12:16:50,CC_BY_NC_4_0,Brian Aust,Brian Aust,2023-09-21T13:33:11.775Z,StillImage,COORDINATE_ROUNDED;CONTINENT_DERIVED_FROM_COORDINATES;TAXON_MATCH_TAXON_ID_IGNORED,2017,9,1,Friday,Fall,Animalia
1668829915,50c9509d-22c7-4a22-a47d-8c48425ef4a7,https://www.inaturalist.org/observations/7987896,Animalia,Arthropoda,Insecta,Hemiptera,Reduviidae,Zelus,Zelus luridus,SPECIES,"Zelus luridus Stål, 1862",Zelus luridus,US,Ohio,PRESENT,28eb1a3f-1c15-4a95-931a-4af90ecb574d,40.968456,-81.118106,,2017-09-17 16:41:00,17,9,2017,2008837,2008837.0,HUMAN_OBSERVATION,iNaturalist,Observations,7987896,Rob Curtis,2017-09-19T01:09:34,CC_BY_4_0,Rob Curtis,Rob Curtis,2023-09-21T13:33:17.933Z,StillImage,COORDINATE_ROUNDED;CONTINENT_DERIVED_FROM_COORDINATES;TAXON_MATCH_TAXON_ID_IGNORED,2017,9,17,Sunday,Fall,Animalia
1671720340,50c9509d-22c7-4a22-a47d-8c48425ef4a7,https://www.inaturalist.org/observations/8245014,Plantae,Tracheophyta,Magnoliopsida,Sapindales,Sapindaceae,Acer,Acer grandidentatum,SPECIES,Acer grandidentatum Nutt. ex Torr. & A.Gray,Acer grandidentatum,US,Arizona,PRESENT,28eb1a3f-1c15-4a95-931a-4af90ecb574d,33.294073,-110.830322,119.0,2017-10-02 17:08:57,2,10,2017,7546232,7546232.0,HUMAN_OBSERVATION,iNaturalist,Observations,8245014,CK Kelly,2017-10-04T01:41:49,CC_BY_4_0,CK Kelly,CK Kelly,2023-09-21T13:33:23.563Z,StillImage;StillImage,COORDINATE_ROUNDED;CONTINENT_DERIVED_FROM_COORDINATES;TAXON_MATCH_TAXON_ID_IGNORED,2017,10,2,Monday,Fall,Plantae
2243025184,50c9509d-22c7-4a22-a47d-8c48425ef4a7,https://www.inaturalist.org/observations/8491903,Plantae,Tracheophyta,Magnoliopsida,Ranunculales,Ranunculaceae,Hepatica,Hepatica americana,SPECIES,Hepatica americana (DC.) Ker Gawl.,Hepatica americana,US,Maryland,PRESENT,28eb1a3f-1c15-4a95-931a-4af90ecb574d,39.245747,-76.746364,10.0,2017-10-21 13:27:59,21,10,2017,6374864,6374864.0,HUMAN_OBSERVATION,iNaturalist,Observations,8491903,National Aquarium,2018-09-01T08:33:23,CC_BY_NC_4_0,National Aquarium,National Aquarium,2023-09-21T13:33:30.094Z,StillImage,COORDINATE_ROUNDED;CONTINENT_DERIVED_FROM_COORDINATES;TAXON_MATCH_TAXON_ID_IGNORED,2017,10,21,Saturday,Fall,Plantae
1702480301,50c9509d-22c7-4a22-a47d-8c48425ef4a7,https://www.inaturalist.org/observations/8720386,Plantae,Tracheophyta,Magnoliopsida,Geraniales,Geraniaceae,Erodium,Erodium cicutarium,SPECIES,Erodium cicutarium (L.) L'Hér.,Erodium cicutarium,US,Texas,PRESENT,28eb1a3f-1c15-4a95-931a-4af90ecb574d,31.059928,-97.464713,1736.0,2017-11-07 07:21:35,7,11,2017,9485490,9485490.0,HUMAN_OBSERVATION,iNaturalist,Observations,8720386,A. Flinn (and M. Finn),2017-11-07T14:30:31,CC_BY_NC_4_0,A. Flinn (and M. Finn),A. Flinn (and M. Finn),2023-09-21T13:33:36.400Z,StillImage;StillImage;StillImage,COORDINATE_ROUNDED;CONTINENT_DERIVED_FROM_COORDINATES;TAXON_MATCH_TAXON_ID_IGNORED,2017,11,7,Tuesday,Fall,Plantae
2366160894,50c9509d-22c7-4a22-a47d-8c48425ef4a7,https://www.inaturalist.org/observations/8926478,Animalia,Arthropoda,Insecta,Hemiptera,Cicadidae,Talainga,Talainga chinensis,SPECIES,"Talainga chinensis Distant, 1900",Talainga chinensis,CN,Fujian,PRESENT,28eb1a3f-1c15-4a95-931a-4af90ecb574d,24.906557,117.215254,8.0,2017-04-29 15:52:00,29,4,2017,7384228,7384228.0,HUMAN_OBSERVATION,iNaturalist,Observations,8926478,Yang Yi,2017-12-06T14:26:54,CC_BY_NC_4_0,huaqu,huaqu,2023-09-21T13:33:43.530Z,StillImage,COORDINATE_ROUNDED;CONTINENT_DERIVED_FROM_COORDINATES;TAXON_MATCH_TAXON_ID_IGNORED,2017,4,29,Saturday,Spring,Animalia
1802689647,50c9509d-22c7-4a22-a47d-8c48425ef4a7,https://www.inaturalist.org/observations/9148440,Plantae,Tracheophyta,Magnoliopsida,Apiales,Apiaceae,Daucus,Daucus carota,SPECIES,Daucus carota L.,Daucus carota,US,Oregon,PRESENT,28eb1a3f-1c15-4a95-931a-4af90ecb574d,45.54165,-122.667047,5.0,2017-12-13 15:27:04,13,12,2017,3034742,3034742.0,HUMAN_OBSERVATION,iNaturalist,Observations,9148440,Jeffrey Lee (he/him/his),2017-12-13T23:51:34,CC_BY_4_0,Jeffrey Lee (he/him/his),Jeffrey Lee (he/him/his),2023-09-21T13:33:50Z,StillImage,COORDINATE_ROUNDED;CONTINENT_DERIVED_FROM_COORDINATES;TAXON_MATCH_TAXON_ID_IGNORED,2017,12,13,Wednesday,Winter,Plantae
1802763335,50c9509d-22c7-4a22-a47d-8c48425ef4a7,https://www.inaturalist.org/observations/9342741,Animalia,Chordata,Aves,Passeriformes,Corvidae,Corvus,Corvus brachyrhynchos,SPECIES,"Corvus brachyrhynchos C.L.Brehm, 1822",Corvus brachyrhynchos,US,California,PRESENT,28eb1a3f-1c15-4a95-931a-4af90ecb574d,36.980313,-122.025554,15.0,2017-11-12 11:51:00,12,11,2017,2482507,2482507.0,HUMAN_OBSERVATION,iNaturalist,Observations,9342741,James Maughn,2018-01-02T06:52:47,CC_BY_NC_4_0,James Maughn,James Maughn,2023-09-21T13:33:56.660Z,StillImage,COORDINATE_ROUNDED;CONTINENT_DERIVED_FROM_COORDINATES;TAXON_MATCH_TAXON_ID_IGNORED,2017,11,12,Sunday,Fall,Animalia
1805413203,50c9509d-22c7-4a22-a47d-8c48425ef4a7,https://www.inaturalist.org/observations/9512229,Animalia,Chordata,Aves,Strigiformes,Strigidae,Glaucidium,Glaucidium brasilianum,SPECIES,"Glaucidium brasilianum (J.F.Gmelin, 1788)",Glaucidium brasilianum,BR,Mato Grosso,PRESENT,28eb1a3f-1c15-4a95-931a-4af90ecb574d,-16.620696,-56.735313,,2017-07-18 09:21:00,18,7,2017,5232118,5232118.0,HUMAN_OBSERVATION,iNaturalist,Observations,9512229,leithallb,2018-01-17T23:00:21,CC_BY_NC_4_0,leithallb,leithallb,2023-09-21T13:34:03.148Z,StillImage,COORDINATE_ROUNDED;CONTINENT_DERIVED_FROM_COORDINATES;TAXON_MATCH_TAXON_ID_IGNORED,2017,7,18,Tuesday,Summer,Animalia
1807298807,50c9509d-22c7-4a22-a47d-8c48425ef4a7,https://www.inaturalist.org/observations/9703191,Animalia,Chordata,Aves,Columbiformes,Columbidae,Ocyphaps,Ocyphaps lophotes,SPECIES,"Ocyphaps lophotes (Temminck, 1822)",Ocyphaps lophotes,AU,Queensland,PRESENT,28eb1a3f-1c15-4a95-931a-4af90ecb574d,-26.254087,152.998824,,2011-10-13 05:28:00,13,10,2011,2495190,2495190.0,HUMAN_OBSERVATION,iNaturalist,Observations,9703191,Jeremy Barker,2018-02-02T15:07:05,CC0_1_0,Jeremy Barker,Jeremy Barker,2023-09-21T13:34:08.405Z,StillImage,COORDINATE_ROUNDED;CONTINENT_DERIVED_FROM_COORDINATES;TAXON_MATCH_TAXON_ID_IGNORED,2011,10,13,Thursday,Fall,Animalia
1993783202,50c9509d-22c7-4a22-a47d-8c48425ef4a7,https://www.inaturalist.org/observations/9914502,Plantae,Tracheophyta,Magnoliopsida,Myrtales,Onagraceae,Camissoniopsis,Camissoniopsis pallida,SPECIES,Camissoniopsis pallida (Abrams) W.L.Wagner & Hoch,Camissoniopsis pallida,US,California,PRESENT,28eb1a3f-1c15-4a95-931a-4af90ecb574d,33.670461,-116.408997,,2017-03-02 08:39:00,2,3,2017,7161654,7161654.0,HUMAN_OBSERVATION,iNaturalist,Observations,9914502,Colin Barrows,2018-02-19T01:50:34,CC_BY_NC_4_0,jprado,jprado,2023-09-21T13:34:13.940Z,StillImage,COORDINATE_ROUNDED;CONTINENT_DERIVED_FROM_COORDINATES;TAXON_MATCH_TAXON_ID_IGNORED,2017,3,2,Thursday,Spring,Plantae
4067143307,50c9509d-22c7-4a22-a47d-8c48425ef4a7,https://www.inaturalist.org/observations/10111375,Fungi,Basidiomycota,Agaricomycetes,Agaricales,Amanitaceae,Amanita,Amanita velosa,SPECIES,Amanita velosa (Peck) Lloyd,Amanita velosa,US,California,PRESENT,28eb1a3f-1c15-4a95-931a-4af90ecb574d,37.669627,-122.066659,28359.0,2018-03-05 13:51:23,5,3,2018,5452448,5452448.0,HUMAN_OBSERVATION,iNaturalist,Observations,10111375,Adam Bryant,2018-03-06T10:09:15,CC_BY_NC_4_0,Adam Bryant,Adam Bryant,2023-09-21T13:34:19.085Z,StillImage;StillImage,COORDINATE_ROUNDED;CONTINENT_DERIVED_FROM_COORDINATES;TAXON_MATCH_TAXON_ID_IGNORED,2018,3,5,Monday,Spring,Fungi
2242733804,50c9509d-22c7-4a22-a47d-8c48425ef4a7,https://www.inaturalist.org/observations/10336592,Plantae,Tracheophyta,Magnoliopsida,Ericales,Primulaceae,Lysimachia,Lysimachia arvensis,SPECIES,Lysimachia arvensis (L.) U.Manns & Anderb.,Lysimachia arvensis,US,California,PRESENT,28eb1a3f-1c15-4a95-931a-4af90ecb574d,38.02314,-122.854271,,2018-03-17 11:21:49,17,3,2018,8184903,8184903.0,HUMAN_OBSERVATION,iNaturalist,Observations,10336592,Amelia Ryan,2018-11-03T00:34:51,CC_BY_NC_4_0,adlu,adlu,2023-09-21T13:34:25.972Z,StillImage,COORDINATE_ROUNDED;CONTINENT_DERIVED_FROM_COORDINATES;TAXON_MATCH_TAXON_ID_IGNORED,2018,3,17,Saturday,Spring,Plantae
1837766003,50c9509d-22c7-4a22-a47d-8c48425ef4a7,https://www.inaturalist.org/observations/10593164,Animalia,Chordata,Amphibia,Caudata,Plethodontidae,Aneides,Aneides lugubris,SPECIES,"Aneides lugubris (Hallowell, 1849)",Aneides lugubris,US,California,PRESENT,28eb1a3f-1c15-4a95-931a-4af90ecb574d,36.509669,-121.752442,17418.0,2018-01-26 15:33:00,26,1,2018,2431711,2431711.0,HUMAN_OBSERVATION,iNaturalist,Observations,10593164,Randy Kochevar,2018-04-03T16:15:07,CC_BY_NC_4_0,Randy Kochevar,Randy Kochevar,2023-09-21T13:34:32.172Z,StillImage,COORDINATE_ROUNDED;CONTINENT_DERIVED_FROM_COORDINATES;TAXON_MATCH_TAXON_ID_IGNORED,2018,1,26,Friday,Winter,Animalia
1838058770,50c9509d-22c7-4a22-a47d-8c48425ef4a7,https://www.inaturalist.org/observations/10810847,Plantae,Tracheophyta,Magnoliopsida,Asterales,Asteraceae,Xanthium,Xanthium strumarium,SPECIES,Xanthium strumarium L.,Xanthium strumarium,BW,North-West,PRESENT,28eb1a3f-1c15-4a95-931a-4af90ecb574d,-19.990547,23.42992,100.0,2018-04-11 13:44:00,11,4,2018,3089154,3089154.0,HUMAN_OBSERVATION,iNaturalist,Observations,10810847,Robert Taylor,2018-04-12T14:19:20,CC_BY_4_0,Robert Taylor,Robert Taylor,2023-09-21T13:34:39.440Z,StillImage;StillImage,COORDINATE_ROUNDED;CONTINENT_DERIVED_FROM_COORDINATES;TAXON_MATCH_TAXON_ID_IGNORED,2018,4,11,Wednesday,Spring,Plantae
